drop table booking if exists
drop table member if exists
drop table room if exists
drop table roomtype if exists
create table room(roomcode INTEGER GENERATED BY DEFAULT AS IDENTITY PRIMARY KEY,name varchar(20),type INTEGER,howmany INTEGER,howmuch INTEGER)
create table roomtype(typecode INTEGER GENERATED BY DEFAULT AS IDENTITY PRIMARY KEY,name varchar(20))
CREATE TABLE member (name VARCHAR(30) NOT NULL,loginid VARCHAR(20) PRIMARY KEY,passcode VARCHAR(12) NOT NULL)
CREATE TABLE booking (bookcode INTEGER GENERATED BY DEFAULT AS IDENTITY PRIMARY KEY,roomcode INTEGER,person INTEGER,checkin CHAR(10),checkout CHAR(10),name VARCHAR(20),mobile VARCHAR(20))
insert into roomtype values(1,'Suite Room')
insert into roomtype values(2,'Family Room')
insert into roomtype values(3,'Double Room')
insert into roomtype values(4,'Single Room')
insert into room values(1,'백두산',1,8,500000)
insert into room values(2,'소백산',2,6,450000)
insert into room values(3,'영인산',3,4,400000)
insert into room values(4,'유명산',4,2,950000)
insert into room values(5,'팔봉산',1,8,500000)
insert into room values(6,'지리산',3,4,400000)
insert into room values(7,'한라산',2,6,450000)
insert into room values(8,'무등산',4,2,300000)
insert into room values(9,'배방산',1,8,500000)
insert into room values(10,'성거산',2,6,450000)
insert into room values(11,'북한산',4,2,300000)
insert into room values(12,'계룡산',3,4,400000)
insert into room values(13,'마이산',1,8,500000)
insert into room values(14,'명지산',2,6,450000)
insert into room values(15,'금강산',1,8,500000)
insert into room values(16,'백운산',4,2,300000)
insert into room values(17,'황금산',2,6,450000)
insert into room values(18,'비슬산',3,4,400000)
insert into room values(19,'도봉산',3,4,400000)
insert into room values(20,'덕유산',4,2,300000)
INSERT INTO member VALUES('user01', 'user01', 'user1234')
INSERT INTO member VALUES('user02', 'user02', 'user1234')
INSERT INTO member VALUES('user03', 'user03', 'user1234')
INSERT INTO member VALUES('user04', 'user04', 'user1234')
insert into booking values(1,4,2,'2021-08-27','2040-12-31','장효원','01099500240')
insert into booking values(2,6,4,'2021-09-28','2021-09-30','Jane','01088887777')
insert into booking values(3,8,2,'2021-09-24','2021-09-26','John','01066665555')
insert into booking values(4,16,2,'2021-09-23','2021-09-25','Scott','01033338888')
insert into booking values(5,2,5,'2021-09-22','2021-09-28','Paul','01033336666')
insert into booking values(6,9,7,'2021-10-01','2021-10-03','Joshua','01044446666')
insert into booking values(7,20,2,'2021-10-03','2021-10-05','Sam','01088882222')
insert into booking values(8,13,6,'2021-09-26','2021-09-28','Bopeep','01068879677')
insert into booking values(9,11,1,'2021-10-04','2021-10-07','Angel','01077772407')
insert into booking values(10,18,4,'2021-11-11','2021-11-15','Sweetie','01037489875')
insert into booking values(11,5,6,'2021-10-16','2021-10-20','Iduna','01038742940')
insert into booking values(12,10,4,'2021-10-09','2021-10-12','Seono','01012121717')
insert into booking values(13,19,4,'2021-10-21','2021-10-25','Annie','01034332911')
insert into booking values(14,6,3,'2021-10-01','2021-10-05','James','01055554444')